{"cameraMode":{"drawMode":0,"name":"Shaded","section":"Shading Mode"},"sceneLighting":false,"audioPlay":false,"sceneViewState":{"showFog":true,"showMaterialUpdate":false,"showSkybox":false,"showFlares":true,"showImageEffects":true,"showParticleSystems":true},"in2DMode":false,"pivot":{"x":5.80705451965332,"y":2.577504873275757,"z":-3.8199996948242189},"rotation":{"x":-0.05776233598589897,"y":0.941265344619751,"z":-0.2562614381313324,"w":-0.21216510236263276},"size":13.220081329345704,"orthographic":false}