{"cameraMode":{"drawMode":0,"name":"Shaded","section":"Shading Mode"},"sceneLighting":true,"audioPlay":false,"sceneViewState":{"showFog":true,"showMaterialUpdate":false,"showSkybox":true,"showFlares":true,"showImageEffects":true,"showParticleSystems":true},"in2DMode":false,"pivot":{"x":5.80705451965332,"y":-1.393301010131836,"z":-3.188436508178711},"rotation":{"x":-0.05776233598589897,"y":0.941265344619751,"z":-0.2562614381313324,"w":-0.21216510236263276},"size":6.457885265350342,"orthographic":false}